user_id,Q1,Q2,Q3,Q4,Q5,Q6,Q7,Q8,Q9,Q10,Q11,Q12,Q13,Q14,Q15,Q16,Q17
U04a4b24e19ab7de554679e359dae2e96,1,,,,,,,,,,,,,,,,
U04a4b24e19ab7de554679e359dae2e96,1,2,,,,,,,,,,,,,,,
U04a4b24e19ab7de554679e359dae2e96,1,2,2,,,,,,,,,,,,,,
U04a4b24e19ab7de554679e359dae2e96,1,2,2,2,,,,,,,,,,,,,
U04a4b24e19ab7de554679e359dae2e96,1,2,2,2,2,,,,,,,,,,,,
U04a4b24e19ab7de554679e359dae2e96,1,2,2,2,2,3,,,,,,,,,,,
U04a4b24e19ab7de554679e359dae2e96,1,2,2,2,2,3,5,,,,,,,,,,
U04a4b24e19ab7de554679e359dae2e96,1,2,2,2,2,3,5,5,,,,,,,,,
U04a4b24e19ab7de554679e359dae2e96,1,2,2,2,2,3,5,5,5,,,,,,,,
U04a4b24e19ab7de554679e359dae2e96,1,2,2,2,2,3,5,5,5,5,,,,,,,
U04a4b24e19ab7de554679e359dae2e96,1,2,2,2,2,3,5,5,5,5,5,,,,,,
U04a4b24e19ab7de554679e359dae2e96,1,2,2,2,2,3,5,5,5,5,5,5,,,,,
U04a4b24e19ab7de554679e359dae2e96,1,2,2,2,2,3,5,5,5,5,5,5,5,,,,
U04a4b24e19ab7de554679e359dae2e96,1,2,2,2,2,3,5,5,5,5,5,5,5,5,,,
U04a4b24e19ab7de554679e359dae2e96,1,2,2,2,2,3,5,5,5,5,5,5,5,5,5,,
U04a4b24e19ab7de554679e359dae2e96,1,2,2,2,2,3,5,5,5,5,5,5,5,5,5,5,
U04a4b24e19ab7de554679e359dae2e96,1,,,,,,,,,,,,,,,,
U04a4b24e19ab7de554679e359dae2e96,1,1,,,,,,,,,,,,,,,
U04a4b24e19ab7de554679e359dae2e96,1,1,1,,,,,,,,,,,,,,
U04a4b24e19ab7de554679e359dae2e96,1,1,1,1,,,,,,,,,,,,,
U04a4b24e19ab7de554679e359dae2e96,1,1,1,1,1,,,,,,,,,,,,
U04a4b24e19ab7de554679e359dae2e96,1,1,1,1,1,1,,,,,,,,,,,
U04a4b24e19ab7de554679e359dae2e96,1,1,1,1,1,1,2,,,,,,,,,,
U04a4b24e19ab7de554679e359dae2e96,1,1,1,1,1,1,2,1,,,,,,,,,
U04a4b24e19ab7de554679e359dae2e96,1,1,1,1,1,1,2,1,1,,,,,,,,
U04a4b24e19ab7de554679e359dae2e96,1,1,1,1,1,1,2,1,1,1,,,,,,,
U04a4b24e19ab7de554679e359dae2e96,1,1,1,1,1,1,2,1,1,1,1,,,,,,
U04a4b24e19ab7de554679e359dae2e96,1,1,1,1,1,1,2,1,1,1,1,1,,,,,
U04a4b24e19ab7de554679e359dae2e96,1,1,1,1,1,1,2,1,1,1,1,1,1,,,,
U04a4b24e19ab7de554679e359dae2e96,1,1,1,1,1,1,2,1,1,1,1,1,1,1,,,
U04a4b24e19ab7de554679e359dae2e96,1,1,1,1,1,1,2,1,1,1,1,1,1,1,1,,
U04a4b24e19ab7de554679e359dae2e96,4,3,,,,,,,,,,,,,,,
U04a4b24e19ab7de554679e359dae2e96,4,3,1,,,,,,,,,,,,,,
U04a4b24e19ab7de554679e359dae2e96,4,3,1,4,,,,,,,,,,,,,
U04a4b24e19ab7de554679e359dae2e96,4,3,1,4,4,,,,,,,,,,,,
U04a4b24e19ab7de554679e359dae2e96,4,3,1,4,4,2,,,,,,,,,,,
U04a4b24e19ab7de554679e359dae2e96,4,3,1,4,4,2,1,,,,,,,,,,
U04a4b24e19ab7de554679e359dae2e96,4,3,1,4,4,2,1,1,,,,,,,,,
U04a4b24e19ab7de554679e359dae2e96,4,3,1,4,4,2,1,1,1,,,,,,,,
U04a4b24e19ab7de554679e359dae2e96,4,3,1,4,4,2,1,1,1,1,,,,,,,
U04a4b24e19ab7de554679e359dae2e96,4,3,1,4,4,2,1,1,1,1,1,,,,,,
U04a4b24e19ab7de554679e359dae2e96,4,3,1,4,4,2,1,1,1,1,1,1,,,,,
U04a4b24e19ab7de554679e359dae2e96,4,3,1,4,4,2,1,1,1,1,1,1,1,,,,
U04a4b24e19ab7de554679e359dae2e96,4,3,1,4,4,2,1,1,1,1,1,1,1,1,,,
U04a4b24e19ab7de554679e359dae2e96,4,3,1,4,4,2,1,1,1,1,1,1,1,1,1,,
U04a4b24e19ab7de554679e359dae2e96,4,3,1,4,4,2,1,1,1,1,1,1,1,1,1,3,
U04a4b24e19ab7de554679e359dae2e96,4,3,1,4,4,2,1,1,1,1,1,1,1,1,1,3,4
U04a4b24e19ab7de554679e359dae2e96,1,,,,,,,,,,,,,,,,
U04a4b24e19ab7de554679e359dae2e96,1,2,,,,,,,,,,,,,,,
U04a4b24e19ab7de554679e359dae2e96,1,2,2,,,,,,,,,,,,,,
U04a4b24e19ab7de554679e359dae2e96,1,2,2,3,,,,,,,,,,,,,
U04a4b24e19ab7de554679e359dae2e96,1,2,2,3,2,,,,,,,,,,,,
U04a4b24e19ab7de554679e359dae2e96,1,2,2,3,2,3,,,,,,,,,,,
U04a4b24e19ab7de554679e359dae2e96,1,2,2,3,2,3,3,,,,,,,,,,
U04a4b24e19ab7de554679e359dae2e96,1,2,2,3,2,3,3,5,,,,,,,,,
U04a4b24e19ab7de554679e359dae2e96,1,2,2,3,2,3,3,5,3,,,,,,,,
U04a4b24e19ab7de554679e359dae2e96,1,2,2,3,2,3,3,5,3,4,,,,,,,
U04a4b24e19ab7de554679e359dae2e96,1,2,2,3,2,3,3,5,3,4,2,,,,,,
U04a4b24e19ab7de554679e359dae2e96,1,2,2,3,2,3,3,5,3,4,2,3,,,,,
U04a4b24e19ab7de554679e359dae2e96,1,2,2,3,2,3,3,5,3,4,2,3,3,,,,
U04a4b24e19ab7de554679e359dae2e96,1,2,2,3,2,3,3,5,3,4,2,3,3,2,,,
U04a4b24e19ab7de554679e359dae2e96,1,2,2,3,2,3,3,5,3,4,2,3,3,2,2,,
U04a4b24e19ab7de554679e359dae2e96,1,2,2,3,2,3,3,5,3,4,2,3,3,2,2,2,
U04a4b24e19ab7de554679e359dae2e96,1,2,2,3,2,3,3,5,3,4,2,3,3,2,2,2,1
U04a4b24e19ab7de554679e359dae2e96,4,,,,,,,,,,,,,,,,
U04a4b24e19ab7de554679e359dae2e96,4,2,,,,,,,,,,,,,,,
U04a4b24e19ab7de554679e359dae2e96,4,2,4,,,,,,,,,,,,,,
U04a4b24e19ab7de554679e359dae2e96,4,2,4,5,,,,,,,,,,,,,
U04a4b24e19ab7de554679e359dae2e96,4,2,4,5,8,,,,,,,,,,,,
U04a4b24e19ab7de554679e359dae2e96,4,2,4,5,8,3,,,,,,,,,,,
U04a4b24e19ab7de554679e359dae2e96,4,2,4,5,8,3,3,,,,,,,,,,
U04a4b24e19ab7de554679e359dae2e96,4,2,4,5,8,3,3,4,,,,,,,,,
U04a4b24e19ab7de554679e359dae2e96,4,2,4,5,8,3,3,4,1,,,,,,,,
U04a4b24e19ab7de554679e359dae2e96,4,2,4,5,8,3,3,4,1,1,,,,,,,
U04a4b24e19ab7de554679e359dae2e96,4,2,4,5,8,3,3,4,1,1,1,,,,,,
U04a4b24e19ab7de554679e359dae2e96,4,2,4,5,8,3,3,4,1,1,1,2,,,,,
U04a4b24e19ab7de554679e359dae2e96,4,2,4,5,8,3,3,4,1,1,1,2,1,,,,
U04a4b24e19ab7de554679e359dae2e96,4,2,4,5,8,3,3,4,1,1,1,2,1,2,,,
U04a4b24e19ab7de554679e359dae2e96,4,2,4,5,8,3,3,4,1,1,1,2,1,2,3,,
U04a4b24e19ab7de554679e359dae2e96,4,2,4,5,8,3,3,4,1,1,1,2,1,2,3,4,
U04a4b24e19ab7de554679e359dae2e96,4,2,4,5,8,3,3,4,1,1,1,2,1,2,3,4,3
U04a4b24e19ab7de554679e359dae2e96,3,,,,,,,,,,,,,,,,
U04a4b24e19ab7de554679e359dae2e96,3,3,,,,,,,,,,,,,,,
U04a4b24e19ab7de554679e359dae2e96,3,3,3,,,,,,,,,,,,,,
U04a4b24e19ab7de554679e359dae2e96,3,3,3,2,,,,,,,,,,,,,
U04a4b24e19ab7de554679e359dae2e96,3,3,3,2,1,,,,,,,,,,,,
U04a4b24e19ab7de554679e359dae2e96,3,3,3,2,1,3,,,,,,,,,,,
U04a4b24e19ab7de554679e359dae2e96,3,3,3,2,1,3,4,,,,,,,,,,
U04a4b24e19ab7de554679e359dae2e96,3,3,3,2,1,3,4,3,,,,,,,,,
U04a4b24e19ab7de554679e359dae2e96,3,3,3,2,1,3,4,3,5,,,,,,,,
U04a4b24e19ab7de554679e359dae2e96,3,3,3,2,1,3,4,3,5,7,,,,,,,
U04a4b24e19ab7de554679e359dae2e96,3,3,3,2,1,3,4,3,5,7,9,,,,,,
U04a4b24e19ab7de554679e359dae2e96,3,3,3,2,1,3,4,3,5,7,9,7,,,,,
U04a4b24e19ab7de554679e359dae2e96,3,3,3,2,1,3,4,3,5,7,9,7,4,,,,
U04a4b24e19ab7de554679e359dae2e96,3,3,3,2,1,3,4,3,5,7,9,7,4,3,,,
U04a4b24e19ab7de554679e359dae2e96,3,3,3,2,1,3,4,3,5,7,9,7,4,3,2,,
U04a4b24e19ab7de554679e359dae2e96,3,3,3,2,1,3,4,3,5,7,9,7,4,3,2,1,
U04a4b24e19ab7de554679e359dae2e96,1,,,,,,,,,,,,,,,,
U04a4b24e19ab7de554679e359dae2e96,1,2,,,,,,,,,,,,,,,
U04a4b24e19ab7de554679e359dae2e96,1,2,2,,,,,,,,,,,,,,
U04a4b24e19ab7de554679e359dae2e96,1,2,2,2,,,,,,,,,,,,,
U04a4b24e19ab7de554679e359dae2e96,1,2,2,2,3,,,,,,,,,,,,
U04a4b24e19ab7de554679e359dae2e96,1,2,2,2,3,4,,,,,,,,,,,
U04a4b24e19ab7de554679e359dae2e96,1,2,2,2,3,4,5,,,,,,,,,,
U04a4b24e19ab7de554679e359dae2e96,3,,,,,,,,,,,,,,,,
U04a4b24e19ab7de554679e359dae2e96,3,4,,,,,,,,,,,,,,,
U04a4b24e19ab7de554679e359dae2e96,3,4,3,,,,,,,,,,,,,,
U04a4b24e19ab7de554679e359dae2e96,3,4,3,3,,,,,,,,,,,,,
U04a4b24e19ab7de554679e359dae2e96,3,4,3,3,5,,,,,,,,,,,,
U04a4b24e19ab7de554679e359dae2e96,3,4,3,3,5,3,,,,,,,,,,,
U04a4b24e19ab7de554679e359dae2e96,3,4,3,3,5,3,3,,,,,,,,,,
U04a4b24e19ab7de554679e359dae2e96,3,4,3,3,5,3,3,3,,,,,,,,,
U04a4b24e19ab7de554679e359dae2e96,3,4,3,3,5,3,3,3,4,,,,,,,,
U04a4b24e19ab7de554679e359dae2e96,3,4,3,3,5,3,3,3,4,2,,,,,,,
U04a4b24e19ab7de554679e359dae2e96,3,4,3,3,5,3,3,3,4,2,3,,,,,,
U04a4b24e19ab7de554679e359dae2e96,3,4,3,3,5,3,3,3,4,2,3,4,,,,,
U04a4b24e19ab7de554679e359dae2e96,3,4,3,3,5,3,3,3,4,2,3,4,3,,,,
U04a4b24e19ab7de554679e359dae2e96,3,4,3,3,5,3,3,3,4,2,3,4,3,5,,,
U04a4b24e19ab7de554679e359dae2e96,3,4,3,3,5,3,3,3,4,2,3,4,3,5,5,,
U04a4b24e19ab7de554679e359dae2e96,3,4,3,3,5,3,3,3,4,2,3,4,3,5,5,5,
U5f9ae15f2c627eb5ce8e3792c16f3f2f,5,,,,,,,,,,,,,,,,
U5f9ae15f2c627eb5ce8e3792c16f3f2f,5,3,,,,,,,,,,,,,,,
U5f9ae15f2c627eb5ce8e3792c16f3f2f,5,3,4,,,,,,,,,,,,,,
U5f9ae15f2c627eb5ce8e3792c16f3f2f,5,3,4,1,,,,,,,,,,,,,
U5f9ae15f2c627eb5ce8e3792c16f3f2f,5,3,4,1,2,,,,,,,,,,,,
U5f9ae15f2c627eb5ce8e3792c16f3f2f,5,3,4,1,2,3,,,,,,,,,,,
U5f9ae15f2c627eb5ce8e3792c16f3f2f,5,3,4,1,2,3,5,,,,,,,,,,
U5f9ae15f2c627eb5ce8e3792c16f3f2f,5,3,4,1,2,3,5,3,,,,,,,,,
U5f9ae15f2c627eb5ce8e3792c16f3f2f,5,3,4,1,2,3,5,3,1,,,,,,,,
U5f9ae15f2c627eb5ce8e3792c16f3f2f,5,3,4,1,2,3,5,3,1,4,,,,,,,
U5f9ae15f2c627eb5ce8e3792c16f3f2f,5,3,4,1,2,3,5,3,1,4,2,,,,,,
U5f9ae15f2c627eb5ce8e3792c16f3f2f,5,3,4,1,2,3,5,3,1,4,2,3,,,,,
U5f9ae15f2c627eb5ce8e3792c16f3f2f,5,3,4,1,2,3,5,3,1,4,2,3,4,,,,
U5f9ae15f2c627eb5ce8e3792c16f3f2f,5,3,4,1,2,3,5,3,1,4,2,3,4,3,,,
U5f9ae15f2c627eb5ce8e3792c16f3f2f,5,3,4,1,2,3,5,3,1,4,2,3,4,3,1,,
U5f9ae15f2c627eb5ce8e3792c16f3f2f,5,3,4,1,2,3,5,3,1,4,2,3,4,3,1,5,
U04a4b24e19ab7de554679e359dae2e96,3,,,,,,,,,,,,,,,,
U04a4b24e19ab7de554679e359dae2e96,3,5,,,,,,,,,,,,,,,
U04a4b24e19ab7de554679e359dae2e96,3,5,3,,,,,,,,,,,,,,
U04a4b24e19ab7de554679e359dae2e96,3,5,3,2,,,,,,,,,,,,,
U04a4b24e19ab7de554679e359dae2e96,3,5,3,2,3,,,,,,,,,,,,
U5f9ae15f2c627eb5ce8e3792c16f3f2f,5,,,,,,,,,,,,,,,,
U04a4b24e19ab7de554679e359dae2e96,3,5,3,2,3,4,,,,,,,,,,,
Uf733a6af6ca42f3d0e68ac8cada69e7e,4,,,,,,,,,,,,,,,,
U04a4b24e19ab7de554679e359dae2e96,3,5,3,2,3,4,2,,,,,,,,,,
U5f9ae15f2c627eb5ce8e3792c16f3f2f,5,5,,,,,,,,,,,,,,,
U5f9ae15f2c627eb5ce8e3792c16f3f2f,5,5,5,,,,,,,,,,,,,,
U5f9ae15f2c627eb5ce8e3792c16f3f2f,5,5,5,5,,,,,,,,,,,,,
Uf733a6af6ca42f3d0e68ac8cada69e7e,4,2,,,,,,,,,,,,,,,
U04a4b24e19ab7de554679e359dae2e96,3,5,3,2,3,4,2,2,,,,,,,,,
U5f9ae15f2c627eb5ce8e3792c16f3f2f,5,5,5,5,5,,,,,,,,,,,,
U04a4b24e19ab7de554679e359dae2e96,3,5,3,2,3,4,2,2,4,,,,,,,,
U5f9ae15f2c627eb5ce8e3792c16f3f2f,5,5,5,5,5,5,,,,,,,,,,,
U04a4b24e19ab7de554679e359dae2e96,3,5,3,2,3,4,2,2,4,5,,,,,,,
Uf733a6af6ca42f3d0e68ac8cada69e7e,4,2,1,,,,,,,,,,,,,,
U5f9ae15f2c627eb5ce8e3792c16f3f2f,5,5,5,5,5,5,5,,,,,,,,,,
U04a4b24e19ab7de554679e359dae2e96,3,5,3,2,3,4,2,2,4,5,2,,,,,,
Uf733a6af6ca42f3d0e68ac8cada69e7e,4,2,1,5,,,,,,,,,,,,,
U5f9ae15f2c627eb5ce8e3792c16f3f2f,5,5,5,5,5,5,5,5,,,,,,,,,
U5f9ae15f2c627eb5ce8e3792c16f3f2f,5,5,5,5,5,5,5,5,5,,,,,,,,
U5f9ae15f2c627eb5ce8e3792c16f3f2f,5,5,5,5,5,5,5,5,5,5,,,,,,,
U04a4b24e19ab7de554679e359dae2e96,3,5,3,2,3,4,2,2,4,5,2,3,,,,,
U5f9ae15f2c627eb5ce8e3792c16f3f2f,5,5,5,5,5,5,5,5,5,5,5,,,,,,
U04a4b24e19ab7de554679e359dae2e96,3,5,3,2,3,4,2,2,4,5,2,3,2,,,,
U5f9ae15f2c627eb5ce8e3792c16f3f2f,5,5,5,5,5,5,5,5,5,5,5,5,,,,,
U04a4b24e19ab7de554679e359dae2e96,3,5,3,2,3,4,2,2,4,5,2,3,2,5,,,
U5f9ae15f2c627eb5ce8e3792c16f3f2f,5,5,5,5,5,5,5,5,5,5,5,5,5,,,,
U5f9ae15f2c627eb5ce8e3792c16f3f2f,5,5,5,5,5,5,5,5,5,5,5,5,5,5,,,
U5f9ae15f2c627eb5ce8e3792c16f3f2f,5,5,5,5,5,5,5,5,5,5,5,5,5,5,5,,
U5f9ae15f2c627eb5ce8e3792c16f3f2f,5,5,5,5,5,5,5,5,5,5,5,5,5,5,5,5,
U04a4b24e19ab7de554679e359dae2e96,3,5,3,2,3,4,2,2,4,5,2,3,2,5,4,,
Uf733a6af6ca42f3d0e68ac8cada69e7e,4,2,1,5,4,,,,,,,,,,,,
U04a4b24e19ab7de554679e359dae2e96,3,5,3,2,3,4,2,2,4,5,2,3,2,5,4,3,
Uf733a6af6ca42f3d0e68ac8cada69e7e,4,2,1,5,4,5,,,,,,,,,,,
Uf733a6af6ca42f3d0e68ac8cada69e7e,4,2,1,5,4,5,5,,,,,,,,,,
Uf733a6af6ca42f3d0e68ac8cada69e7e,4,2,1,5,4,5,5,1,,,,,,,,,
Uf733a6af6ca42f3d0e68ac8cada69e7e,4,2,1,5,4,5,5,1,1,,,,,,,,
Uf733a6af6ca42f3d0e68ac8cada69e7e,4,2,1,5,4,5,5,1,1,1,,,,,,,
Uf733a6af6ca42f3d0e68ac8cada69e7e,4,2,1,5,4,5,5,1,1,1,1,,,,,,
Uf733a6af6ca42f3d0e68ac8cada69e7e,4,2,1,5,4,5,5,1,1,1,1,3,,,,,
Uf733a6af6ca42f3d0e68ac8cada69e7e,4,2,1,5,4,5,5,1,1,1,1,3,1,,,,
Uf733a6af6ca42f3d0e68ac8cada69e7e,4,2,1,5,4,5,5,1,1,1,1,3,1,1,,,
Uf733a6af6ca42f3d0e68ac8cada69e7e,4,2,1,5,4,5,5,1,1,1,1,3,1,1,3,,
Uf733a6af6ca42f3d0e68ac8cada69e7e,4,2,1,5,4,5,5,1,1,1,1,3,1,1,3,4,
U5f9ae15f2c627eb5ce8e3792c16f3f2f,5,,,,,,,,,,,,,,,,
U5f9ae15f2c627eb5ce8e3792c16f3f2f,5,5,,,,,,,,,,,,,,,
U5f9ae15f2c627eb5ce8e3792c16f3f2f,5,5,5,,,,,,,,,,,,,,
U5f9ae15f2c627eb5ce8e3792c16f3f2f,5,5,5,5,,,,,,,,,,,,,
U5f9ae15f2c627eb5ce8e3792c16f3f2f,5,5,5,5,5,,,,,,,,,,,,
U5f9ae15f2c627eb5ce8e3792c16f3f2f,5,5,5,5,5,5,,,,,,,,,,,
U5f9ae15f2c627eb5ce8e3792c16f3f2f,5,5,5,5,5,5,5,,,,,,,,,,
U5f9ae15f2c627eb5ce8e3792c16f3f2f,5,5,5,5,5,5,5,5,,,,,,,,,
U5f9ae15f2c627eb5ce8e3792c16f3f2f,5,5,5,5,5,5,5,5,5,,,,,,,,
U5f9ae15f2c627eb5ce8e3792c16f3f2f,5,5,5,5,5,5,5,5,5,5,,,,,,,
U5f9ae15f2c627eb5ce8e3792c16f3f2f,5,5,5,5,5,5,5,5,5,5,5,,,,,,
U5f9ae15f2c627eb5ce8e3792c16f3f2f,5,5,5,5,5,5,5,5,5,5,5,5,,,,,
U5f9ae15f2c627eb5ce8e3792c16f3f2f,5,5,5,5,5,5,5,5,5,5,5,5,5,,,,
U5f9ae15f2c627eb5ce8e3792c16f3f2f,5,5,5,5,5,5,5,5,5,5,5,5,5,5,,,
U5f9ae15f2c627eb5ce8e3792c16f3f2f,5,5,5,5,5,5,5,5,5,5,5,5,5,5,5,,
U5f9ae15f2c627eb5ce8e3792c16f3f2f,5,5,5,5,5,5,5,5,5,5,5,5,5,5,5,5,
U5f9ae15f2c627eb5ce8e3792c16f3f2f,5,,,,,,,,,,,,,,,,
U5f9ae15f2c627eb5ce8e3792c16f3f2f,5,4,,,,,,,,,,,,,,,
U5f9ae15f2c627eb5ce8e3792c16f3f2f,5,4,3,,,,,,,,,,,,,,
U5f9ae15f2c627eb5ce8e3792c16f3f2f,5,4,3,2,,,,,,,,,,,,,
U5f9ae15f2c627eb5ce8e3792c16f3f2f,5,4,3,2,1,,,,,,,,,,,,
U5f9ae15f2c627eb5ce8e3792c16f3f2f,5,4,3,2,1,1,,,,,,,,,,,
U5f9ae15f2c627eb5ce8e3792c16f3f2f,5,4,3,2,1,1,2,,,,,,,,,,
U5f9ae15f2c627eb5ce8e3792c16f3f2f,5,4,3,2,1,1,2,3,,,,,,,,,
U5f9ae15f2c627eb5ce8e3792c16f3f2f,5,4,3,2,1,1,2,3,4,,,,,,,,
U5f9ae15f2c627eb5ce8e3792c16f3f2f,5,4,3,2,1,1,2,3,4,5,,,,,,,
U5f9ae15f2c627eb5ce8e3792c16f3f2f,5,4,3,2,1,1,2,3,4,5,5,,,,,,
U5f9ae15f2c627eb5ce8e3792c16f3f2f,5,4,3,2,1,1,2,3,4,5,5,4,,,,,
U5f9ae15f2c627eb5ce8e3792c16f3f2f,5,4,3,2,1,1,2,3,4,5,5,4,3,,,,
U5f9ae15f2c627eb5ce8e3792c16f3f2f,5,4,3,2,1,1,2,3,4,5,5,4,3,1,,,
U5f9ae15f2c627eb5ce8e3792c16f3f2f,5,4,3,2,1,1,2,3,4,5,5,4,3,1,3,,
U5f9ae15f2c627eb5ce8e3792c16f3f2f,5,4,3,2,1,1,2,3,4,5,5,4,3,1,3,4,
U5f9ae15f2c627eb5ce8e3792c16f3f2f,5,,,,,,,,,,,,,,,,
U5f9ae15f2c627eb5ce8e3792c16f3f2f,5,5,,,,,,,,,,,,,,,
U5f9ae15f2c627eb5ce8e3792c16f3f2f,5,5,5,,,,,,,,,,,,,,
U5f9ae15f2c627eb5ce8e3792c16f3f2f,5,5,5,5,,,,,,,,,,,,,
U5f9ae15f2c627eb5ce8e3792c16f3f2f,5,5,5,5,5,,,,,,,,,,,,
U5f9ae15f2c627eb5ce8e3792c16f3f2f,5,5,5,5,5,5,,,,,,,,,,,
U5f9ae15f2c627eb5ce8e3792c16f3f2f,5,5,5,5,5,5,5,,,,,,,,,,
U5f9ae15f2c627eb5ce8e3792c16f3f2f,5,5,5,5,5,5,5,5,,,,,,,,,
U5f9ae15f2c627eb5ce8e3792c16f3f2f,5,5,5,5,5,5,5,5,5,,,,,,,,
U5f9ae15f2c627eb5ce8e3792c16f3f2f,5,5,5,5,5,5,5,5,5,5,,,,,,,
U5f9ae15f2c627eb5ce8e3792c16f3f2f,5,5,5,5,5,5,5,5,5,5,5,,,,,,
U5f9ae15f2c627eb5ce8e3792c16f3f2f,5,5,5,5,5,5,5,5,5,5,5,5,,,,,
U5f9ae15f2c627eb5ce8e3792c16f3f2f,5,5,5,5,5,5,5,5,5,5,5,5,5,,,,
U5f9ae15f2c627eb5ce8e3792c16f3f2f,5,5,5,5,5,5,5,5,5,5,5,5,5,5,,,
U5f9ae15f2c627eb5ce8e3792c16f3f2f,5,5,5,5,5,5,5,5,5,5,5,5,5,5,5,,
U5f9ae15f2c627eb5ce8e3792c16f3f2f,5,5,5,5,5,5,5,5,5,5,5,5,5,5,5,5,
Uf733a6af6ca42f3d0e68ac8cada69e7e,4,,,,,,,,,,,,,,,,
Uf733a6af6ca42f3d0e68ac8cada69e7e,4,1,,,,,,,,,,,,,,,
Uf733a6af6ca42f3d0e68ac8cada69e7e,4,1,1,,,,,,,,,,,,,,
Uf733a6af6ca42f3d0e68ac8cada69e7e,4,1,1,5,,,,,,,,,,,,,
Uf733a6af6ca42f3d0e68ac8cada69e7e,4,1,1,5,4,,,,,,,,,,,,
Uf733a6af6ca42f3d0e68ac8cada69e7e,4,1,1,5,4,2,,,,,,,,,,,
Uf733a6af6ca42f3d0e68ac8cada69e7e,4,1,1,5,4,2,2,,,,,,,,,,
Uf733a6af6ca42f3d0e68ac8cada69e7e,4,1,1,5,4,2,2,2,,,,,,,,,
Uf733a6af6ca42f3d0e68ac8cada69e7e,4,1,1,5,4,2,2,2,1,,,,,,,,
Uf733a6af6ca42f3d0e68ac8cada69e7e,4,1,1,5,4,2,2,2,1,1,,,,,,,
Uf733a6af6ca42f3d0e68ac8cada69e7e,4,1,1,5,4,2,2,2,1,1,3,,,,,,
Uf733a6af6ca42f3d0e68ac8cada69e7e,4,1,1,5,4,2,2,2,1,1,3,4,,,,,
Uf733a6af6ca42f3d0e68ac8cada69e7e,4,1,1,5,4,2,2,2,1,1,3,4,1,,,,
Uf733a6af6ca42f3d0e68ac8cada69e7e,4,1,1,5,4,2,2,2,1,1,3,4,1,4,,,
Uf733a6af6ca42f3d0e68ac8cada69e7e,4,1,1,5,4,2,2,2,1,1,3,4,1,4,3,,
Uf733a6af6ca42f3d0e68ac8cada69e7e,4,1,1,5,4,2,2,2,1,1,3,4,1,4,3,1,
Uf733a6af6ca42f3d0e68ac8cada69e7e,5,,,,,,,,,,,,,,,,
Uf733a6af6ca42f3d0e68ac8cada69e7e,5,5,,,,,,,,,,,,,,,
Uf733a6af6ca42f3d0e68ac8cada69e7e,5,5,4,,,,,,,,,,,,,,
Uf733a6af6ca42f3d0e68ac8cada69e7e,5,5,4,4,,,,,,,,,,,,,
Uf733a6af6ca42f3d0e68ac8cada69e7e,5,5,4,4,5,,,,,,,,,,,,
Uf733a6af6ca42f3d0e68ac8cada69e7e,5,5,4,4,5,5,,,,,,,,,,,
Uf733a6af6ca42f3d0e68ac8cada69e7e,5,5,4,4,5,5,4,,,,,,,,,,
Uf733a6af6ca42f3d0e68ac8cada69e7e,5,5,4,4,5,5,4,5,,,,,,,,,
Uf733a6af6ca42f3d0e68ac8cada69e7e,5,5,4,4,5,5,4,5,4,,,,,,,,
Uf733a6af6ca42f3d0e68ac8cada69e7e,5,5,4,4,5,5,4,5,4,5,,,,,,,
Uf733a6af6ca42f3d0e68ac8cada69e7e,5,5,4,4,5,5,4,5,4,5,5,,,,,,
Uf733a6af6ca42f3d0e68ac8cada69e7e,5,5,4,4,5,5,4,5,4,5,5,4,,,,,
Uf733a6af6ca42f3d0e68ac8cada69e7e,5,5,4,4,5,5,4,5,4,5,5,4,5,,,,
Uf733a6af6ca42f3d0e68ac8cada69e7e,5,5,4,4,5,5,4,5,4,5,5,4,5,4,,,
Uf733a6af6ca42f3d0e68ac8cada69e7e,5,5,4,4,5,5,4,5,4,5,5,4,5,4,5,,
Uf733a6af6ca42f3d0e68ac8cada69e7e,5,5,4,4,5,5,4,5,4,5,5,4,5,4,5,4,
U04a4b24e19ab7de554679e359dae2e96,1,,,,,,,,,,,,,,,,
U04a4b24e19ab7de554679e359dae2e96,1,2,,,,,,,,,,,,,,,
U04a4b24e19ab7de554679e359dae2e96,1,2,8,,,,,,,,,,,,,,
U04a4b24e19ab7de554679e359dae2e96,1,,,,,,,,,,,,,,,,
U04a4b24e19ab7de554679e359dae2e96,1,2,,,,,,,,,,,,,,,
U04a4b24e19ab7de554679e359dae2e96,9,,,,,,,,,,,,,,,,
U04a4b24e19ab7de554679e359dae2e96,2,,,,,,,,,,,,,,,,
U04a4b24e19ab7de554679e359dae2e96,2,,,,,,,,,,,,,,,,
U04a4b24e19ab7de554679e359dae2e96,2,3,,,,,,,,,,,,,,,
U04a4b24e19ab7de554679e359dae2e96,2,3,5,,,,,,,,,,,,,,
U04a4b24e19ab7de554679e359dae2e96,2,3,5,4,,,,,,,,,,,,,
U04a4b24e19ab7de554679e359dae2e96,2,3,5,4,5,,,,,,,,,,,,
U04a4b24e19ab7de554679e359dae2e96,2,3,5,4,5,3,,,,,,,,,,,
U04a4b24e19ab7de554679e359dae2e96,2,3,5,4,5,3,4,,,,,,,,,,
U04a4b24e19ab7de554679e359dae2e96,2,3,5,4,5,3,4,5,,,,,,,,,
U04a4b24e19ab7de554679e359dae2e96,2,3,5,4,5,3,4,5,5,,,,,,,,
U04a4b24e19ab7de554679e359dae2e96,2,3,5,4,5,3,4,5,5,5,,,,,,,
U04a4b24e19ab7de554679e359dae2e96,2,3,5,4,5,3,4,5,5,5,4,,,,,,
U04a4b24e19ab7de554679e359dae2e96,2,3,5,4,5,3,4,5,5,5,4,5,,,,,
U04a4b24e19ab7de554679e359dae2e96,2,3,5,4,5,3,4,5,5,5,4,5,3,,,,
U04a4b24e19ab7de554679e359dae2e96,2,3,5,4,5,3,4,5,5,5,4,5,3,3,,,
U04a4b24e19ab7de554679e359dae2e96,2,3,5,4,5,3,4,5,5,5,4,5,3,3,5,,
U04a4b24e19ab7de554679e359dae2e96,2,3,5,4,5,3,4,5,5,5,4,5,3,3,5,4,
U04a4b24e19ab7de554679e359dae2e96,1,,,,,,,,,,,,,,,,
U04a4b24e19ab7de554679e359dae2e96,1,2,,,,,,,,,,,,,,,
U04a4b24e19ab7de554679e359dae2e96,1,2,3,,,,,,,,,,,,,,
U04a4b24e19ab7de554679e359dae2e96,1,2,3,4,,,,,,,,,,,,,
U04a4b24e19ab7de554679e359dae2e96,1,2,3,4,4,,,,,,,,,,,,
U04a4b24e19ab7de554679e359dae2e96,1,2,3,4,4,5,,,,,,,,,,,
U04a4b24e19ab7de554679e359dae2e96,1,2,3,4,4,5,4,,,,,,,,,,
U04a4b24e19ab7de554679e359dae2e96,1,2,3,4,4,5,4,5,,,,,,,,,
U04a4b24e19ab7de554679e359dae2e96,1,2,3,4,4,5,4,5,5,,,,,,,,
U04a4b24e19ab7de554679e359dae2e96,1,2,3,4,4,5,4,5,5,4,,,,,,,
U04a4b24e19ab7de554679e359dae2e96,1,2,3,4,4,5,4,5,5,4,4,,,,,,
U04a4b24e19ab7de554679e359dae2e96,1,2,3,4,4,5,4,5,5,4,4,5,,,,,
U04a4b24e19ab7de554679e359dae2e96,1,2,3,4,4,5,4,5,5,4,4,5,5,,,,
U04a4b24e19ab7de554679e359dae2e96,1,2,3,4,4,5,4,5,5,4,4,5,5,5,,,
U04a4b24e19ab7de554679e359dae2e96,1,2,3,4,4,5,4,5,5,4,4,5,5,5,5,,
U04a4b24e19ab7de554679e359dae2e96,1,2,3,4,4,5,4,5,5,4,4,5,5,5,5,5,
U04a4b24e19ab7de554679e359dae2e96,1,,,,,,,,,,,,,,,,
U04a4b24e19ab7de554679e359dae2e96,2,,,,,,,,,,,,,,,,
U5f9ae15f2c627eb5ce8e3792c16f3f2f,4,,,,,,,,,,,,,,,,
U5f9ae15f2c627eb5ce8e3792c16f3f2f,4,2,,,,,,,,,,,,,,,
U5f9ae15f2c627eb5ce8e3792c16f3f2f,4,2,5,,,,,,,,,,,,,,
U5f9ae15f2c627eb5ce8e3792c16f3f2f,4,2,5,4,,,,,,,,,,,,,
U5f9ae15f2c627eb5ce8e3792c16f3f2f,4,2,5,4,1,,,,,,,,,,,,
U5f9ae15f2c627eb5ce8e3792c16f3f2f,4,2,5,4,1,5,,,,,,,,,,,
U5f9ae15f2c627eb5ce8e3792c16f3f2f,4,2,5,4,1,5,3,,,,,,,,,,
U5f9ae15f2c627eb5ce8e3792c16f3f2f,4,2,5,4,1,5,3,2,,,,,,,,,
U5f9ae15f2c627eb5ce8e3792c16f3f2f,4,2,5,4,1,5,3,2,4,,,,,,,,
U5f9ae15f2c627eb5ce8e3792c16f3f2f,4,2,5,4,1,5,3,2,4,5,,,,,,,
U5f9ae15f2c627eb5ce8e3792c16f3f2f,4,2,5,4,1,5,3,2,4,5,3,,,,,,
U5f9ae15f2c627eb5ce8e3792c16f3f2f,4,2,5,4,1,5,3,2,4,5,3,1,,,,,
U5f9ae15f2c627eb5ce8e3792c16f3f2f,4,2,5,4,1,5,3,2,4,5,3,1,5,,,,
U5f9ae15f2c627eb5ce8e3792c16f3f2f,4,2,5,4,1,5,3,2,4,5,3,1,5,4,,,
U5f9ae15f2c627eb5ce8e3792c16f3f2f,4,2,5,4,1,5,3,2,4,5,3,1,5,4,2,,
U5f9ae15f2c627eb5ce8e3792c16f3f2f,4,2,5,4,1,5,3,2,4,5,3,1,5,4,2,3,
U5f9ae15f2c627eb5ce8e3792c16f3f2f,5,,,,,,,,,,,,,,,,
U5f9ae15f2c627eb5ce8e3792c16f3f2f,5,3,,,,,,,,,,,,,,,
U5f9ae15f2c627eb5ce8e3792c16f3f2f,5,3,2,,,,,,,,,,,,,,
U5f9ae15f2c627eb5ce8e3792c16f3f2f,5,3,2,1,,,,,,,,,,,,,
U5f9ae15f2c627eb5ce8e3792c16f3f2f,5,3,2,1,4,,,,,,,,,,,,
U5f9ae15f2c627eb5ce8e3792c16f3f2f,5,3,2,1,4,4,,,,,,,,,,,
U5f9ae15f2c627eb5ce8e3792c16f3f2f,5,3,2,1,4,4,5,,,,,,,,,,
U5f9ae15f2c627eb5ce8e3792c16f3f2f,5,3,2,1,4,4,5,2,,,,,,,,,
U5f9ae15f2c627eb5ce8e3792c16f3f2f,5,3,2,1,4,4,5,2,3,,,,,,,,
U5f9ae15f2c627eb5ce8e3792c16f3f2f,5,3,2,1,4,4,5,2,3,5,,,,,,,
U5f9ae15f2c627eb5ce8e3792c16f3f2f,5,3,2,1,4,4,5,2,3,5,4,,,,,,
U5f9ae15f2c627eb5ce8e3792c16f3f2f,5,3,2,1,4,4,5,2,3,5,4,3,,,,,
U5f9ae15f2c627eb5ce8e3792c16f3f2f,5,3,2,1,4,4,5,2,3,5,4,3,1,,,,
U5f9ae15f2c627eb5ce8e3792c16f3f2f,5,3,2,1,4,4,5,2,3,5,4,3,1,4,,,
U5f9ae15f2c627eb5ce8e3792c16f3f2f,5,3,2,1,4,4,5,2,3,5,4,3,1,4,2,,
U5f9ae15f2c627eb5ce8e3792c16f3f2f,5,3,2,1,4,4,5,2,3,5,4,3,1,4,2,3,
U04a4b24e19ab7de554679e359dae2e96,2,,,,,,,,,,,,,,,,
U04a4b24e19ab7de554679e359dae2e96,1,,,,,,,,,,,,,,,,
U04a4b24e19ab7de554679e359dae2e96,1,2,,,,,,,,,,,,,,,
U04a4b24e19ab7de554679e359dae2e96,1,2,3,,,,,,,,,,,,,,
U04a4b24e19ab7de554679e359dae2e96,1,2,3,3,,,,,,,,,,,,,
U04a4b24e19ab7de554679e359dae2e96,1,2,3,3,3,,,,,,,,,,,,
U04a4b24e19ab7de554679e359dae2e96,1,2,3,3,3,3,,,,,,,,,,,
U04a4b24e19ab7de554679e359dae2e96,1,2,3,3,3,3,3,,,,,,,,,,
U04a4b24e19ab7de554679e359dae2e96,1,2,3,3,3,3,3,3,,,,,,,,,
U04a4b24e19ab7de554679e359dae2e96,1,2,3,3,3,3,3,3,3,,,,,,,,
U04a4b24e19ab7de554679e359dae2e96,1,2,3,3,3,3,3,3,3,3,,,,,,,
U04a4b24e19ab7de554679e359dae2e96,1,2,3,3,3,3,3,3,3,3,3,,,,,,
U04a4b24e19ab7de554679e359dae2e96,1,2,3,3,3,3,3,3,3,3,3,3,,,,,
U04a4b24e19ab7de554679e359dae2e96,1,2,3,3,3,3,3,3,3,3,3,3,3,,,,
U04a4b24e19ab7de554679e359dae2e96,1,2,3,3,3,3,3,3,3,3,3,3,3,3,,,
U04a4b24e19ab7de554679e359dae2e96,1,2,3,3,3,3,3,3,3,3,3,3,3,3,3,,
U04a4b24e19ab7de554679e359dae2e96,1,2,3,3,3,3,3,3,3,3,3,3,3,3,3,3,
U04a4b24e19ab7de554679e359dae2e96,1,,,,,,,,,,,,,,,,
U04a4b24e19ab7de554679e359dae2e96,1,3,,,,,,,,,,,,,,,
U04a4b24e19ab7de554679e359dae2e96,1,3,3,,,,,,,,,,,,,,
U04a4b24e19ab7de554679e359dae2e96,1,3,3,4,,,,,,,,,,,,,
U04a4b24e19ab7de554679e359dae2e96,1,3,3,4,4,,,,,,,,,,,,
U04a4b24e19ab7de554679e359dae2e96,1,3,3,4,4,3,,,,,,,,,,,
U04a4b24e19ab7de554679e359dae2e96,1,3,3,4,4,3,5,,,,,,,,,,
U04a4b24e19ab7de554679e359dae2e96,1,3,3,4,4,3,5,3,,,,,,,,,
U04a4b24e19ab7de554679e359dae2e96,1,3,3,4,4,3,5,3,3,,,,,,,,
U04a4b24e19ab7de554679e359dae2e96,1,3,3,4,4,3,5,3,3,5,,,,,,,
U04a4b24e19ab7de554679e359dae2e96,1,3,3,4,4,3,5,3,3,5,4,,,,,,
U04a4b24e19ab7de554679e359dae2e96,1,3,3,4,4,3,5,3,3,5,4,3,,,,,
U04a4b24e19ab7de554679e359dae2e96,1,3,3,4,4,3,5,3,3,5,4,3,2,,,,
U04a4b24e19ab7de554679e359dae2e96,1,3,3,4,4,3,5,3,3,5,4,3,2,5,,,
U04a4b24e19ab7de554679e359dae2e96,1,3,3,4,4,3,5,3,3,5,4,3,2,5,5,,
U04a4b24e19ab7de554679e359dae2e96,1,3,3,4,4,3,5,3,3,5,4,3,2,5,5,5,
U04a4b24e19ab7de554679e359dae2e96,3,,,,,,,,,,,,,,,,
U04a4b24e19ab7de554679e359dae2e96,3,2,,,,,,,,,,,,,,,
U04a4b24e19ab7de554679e359dae2e96,3,2,1,,,,,,,,,,,,,,
U04a4b24e19ab7de554679e359dae2e96,3,2,1,4,,,,,,,,,,,,,
U04a4b24e19ab7de554679e359dae2e96,3,2,1,4,4,,,,,,,,,,,,
U04a4b24e19ab7de554679e359dae2e96,3,2,1,4,4,2,,,,,,,,,,,
U04a4b24e19ab7de554679e359dae2e96,3,2,1,4,4,2,3,,,,,,,,,,
U04a4b24e19ab7de554679e359dae2e96,3,2,1,4,4,2,3,3,,,,,,,,,
U04a4b24e19ab7de554679e359dae2e96,3,2,1,4,4,2,3,3,3,,,,,,,,
U04a4b24e19ab7de554679e359dae2e96,3,2,1,4,4,2,3,3,3,3,,,,,,,
U04a4b24e19ab7de554679e359dae2e96,3,2,1,4,4,2,3,3,3,3,4,,,,,,
U04a4b24e19ab7de554679e359dae2e96,3,2,1,4,4,2,3,3,3,3,4,2,,,,,
U04a4b24e19ab7de554679e359dae2e96,3,2,1,4,4,2,3,3,3,3,4,2,3,,,,
U04a4b24e19ab7de554679e359dae2e96,3,2,1,4,4,2,3,3,3,3,4,2,3,1,,,
U04a4b24e19ab7de554679e359dae2e96,3,2,1,4,4,2,3,3,3,3,4,2,3,1,3,,
U04a4b24e19ab7de554679e359dae2e96,3,2,1,4,4,2,3,3,3,3,4,2,3,1,3,2,
U04a4b24e19ab7de554679e359dae2e96,3,,,,,,,,,,,,,,,,
U04a4b24e19ab7de554679e359dae2e96,3,4,,,,,,,,,,,,,,,
U04a4b24e19ab7de554679e359dae2e96,3,4,4,,,,,,,,,,,,,,
U04a4b24e19ab7de554679e359dae2e96,3,4,4,5,,,,,,,,,,,,,
U04a4b24e19ab7de554679e359dae2e96,3,4,4,5,3,,,,,,,,,,,,
U04a4b24e19ab7de554679e359dae2e96,3,4,4,5,3,2,,,,,,,,,,,
U04a4b24e19ab7de554679e359dae2e96,3,4,4,5,3,2,2,,,,,,,,,,
U04a4b24e19ab7de554679e359dae2e96,3,4,4,5,3,2,2,2,,,,,,,,,
U04a4b24e19ab7de554679e359dae2e96,3,4,4,5,3,2,2,2,2,,,,,,,,
U04a4b24e19ab7de554679e359dae2e96,3,4,4,5,3,2,2,2,2,2,,,,,,,
U04a4b24e19ab7de554679e359dae2e96,3,4,4,5,3,2,2,2,2,2,1,,,,,,
U04a4b24e19ab7de554679e359dae2e96,3,4,4,5,3,2,2,2,2,2,1,4,,,,,
U04a4b24e19ab7de554679e359dae2e96,3,4,4,5,3,2,2,2,2,2,1,4,3,,,,
U04a4b24e19ab7de554679e359dae2e96,3,4,4,5,3,2,2,2,2,2,1,4,3,4,,,
U04a4b24e19ab7de554679e359dae2e96,3,4,4,5,3,2,2,2,2,2,1,4,3,4,2,,
U04a4b24e19ab7de554679e359dae2e96,3,4,4,5,3,2,2,2,2,2,1,4,3,4,2,4,
U04a4b24e19ab7de554679e359dae2e96,1,,,,,,,,,,,,,,,,
U04a4b24e19ab7de554679e359dae2e96,1,2,,,,,,,,,,,,,,,
U04a4b24e19ab7de554679e359dae2e96,1,2,2,,,,,,,,,,,,,,
U04a4b24e19ab7de554679e359dae2e96,1,2,2,2,,,,,,,,,,,,,
U04a4b24e19ab7de554679e359dae2e96,1,2,2,2,3,,,,,,,,,,,,
U04a4b24e19ab7de554679e359dae2e96,1,2,2,2,3,3,,,,,,,,,,,
U04a4b24e19ab7de554679e359dae2e96,1,2,2,2,3,3,4,,,,,,,,,,
U04a4b24e19ab7de554679e359dae2e96,1,2,2,2,3,3,4,2,,,,,,,,,
U04a4b24e19ab7de554679e359dae2e96,1,2,2,2,3,3,4,2,3,,,,,,,,
U04a4b24e19ab7de554679e359dae2e96,1,2,2,2,3,3,4,2,3,2,,,,,,,
U04a4b24e19ab7de554679e359dae2e96,1,2,2,2,3,3,4,2,3,2,1,,,,,,
U04a4b24e19ab7de554679e359dae2e96,1,2,2,2,3,3,4,2,3,2,1,2,,,,,
U04a4b24e19ab7de554679e359dae2e96,1,2,2,2,3,3,4,2,3,2,1,2,2,,,,
U04a4b24e19ab7de554679e359dae2e96,1,2,2,2,3,3,4,2,3,2,1,2,2,5,,,
U04a4b24e19ab7de554679e359dae2e96,1,2,2,2,3,3,4,2,3,2,1,2,2,5,4,,
U04a4b24e19ab7de554679e359dae2e96,1,2,2,2,3,3,4,2,3,2,1,2,2,5,4,2,
